{
  "mainAssemblyName": "Kantineapp",
  "resources": {
    "hash": "sha256-Ts/OByOY7wTh5cshMWQWSYGQPKrwSND9P3EggHRGCw8=",
    "jsModuleNative": {
      "dotnet.native.8.0.8.rn74w6g7r2.js": "sha256-juC5sA7gHTLXFEhAKgdM2/RavswpwCtDfjYGsAz2FXg="
    },
    "jsModuleRuntime": {
      "dotnet.runtime.8.0.8.prncaoddr8.js": "sha256-0Dpj/NkVD5WqSC16ZvJLmlc38iv9+Je+umYBVOycPVU="
    },
    "wasmNative": {
      "dotnet.native.wasm": "sha256-OcUTcd7qQceenWEF93409WZcaXp2qQbEyhdchog4RUE="
    },
    "icu": {
      "icudt_CJK.dat": "sha256-SZLtQnRc0JkwqHab0VUVP7T3uBPSeYzxzDnpxPpUnHk=",
      "icudt_EFIGS.dat": "sha256-8fItetYY8kQ0ww6oxwTLiT3oXlBwHKumbeP2pRF4yTc=",
      "icudt_no_CJK.dat": "sha256-L7sV7NEYP37/Qr2FPCePo5cJqRgTXRwGHuwF5Q+0Nfs="
    },
    "assembly": {
      "AWSSDK.Core.wasm": "sha256-dkZPSKqKms5GP40B67ahxwheIMNuTBdY8Wv+sISlG6I=",
      "AWSSDK.SecurityToken.wasm": "sha256-rASOS4setTgr8yCpNFeRUajNdAM6g/W1U5WCMFo+aZw=",
      "Core.wasm": "sha256-ptxbzIgIzrEWI9qfvfGwykSCDCM28cPjTKm8gdXyIYQ=",
      "DnsClient.wasm": "sha256-oKvInLFvi9OW5TfdVOzpqKamndtUuqvE/5I/Hgj3I/I=",
      "Kantineapp.wasm": "sha256-kJRvdsZWXFJsCGTSaHQEidr83iucyALUXNJCN1zpX1Q=",
      "Microsoft.AspNetCore.Components.Forms.wasm": "sha256-A+Wy2wPar+saZ4NvKJ3WnUtp0yVs4S215eBm0EX80JE=",
      "Microsoft.AspNetCore.Components.wasm": "sha256-h1MUuSO4C78rnZHp7KBssuGeuc4tzmDN4n/iPYROocA=",
      "Microsoft.AspNetCore.Components.Web.wasm": "sha256-U/WB7KO/NgCZ4PdC8Fis6SXI68gF+O7HZqC7rKY9vtY=",
      "Microsoft.AspNetCore.Components.WebAssembly.wasm": "sha256-8TFCuTkCax8B0kxmxS1IN3bSzg7BjXgArl+zu7Bx3Ag=",
      "Microsoft.Extensions.Configuration.Abstractions.wasm": "sha256-87sn2TYqgdZ95sXmavjKEzoEfMgHnYQ9LOvnMX+aZcI=",
      "Microsoft.Extensions.Configuration.Json.wasm": "sha256-/VUEfhgVp9FCU1rXnSNAI1mtW6EO5DpkV/5UNWDR/es=",
      "Microsoft.Extensions.Configuration.wasm": "sha256-jYqHUZ07UYWc8POk7xhas6xQYH7t1qoTcylqoDqncJk=",
      "Microsoft.Extensions.DependencyInjection.Abstractions.wasm": "sha256-Bry5TOHvAXl8V4C9L7+K4xRf8gdcPW6GiYPzh4eP8Cg=",
      "Microsoft.Extensions.DependencyInjection.wasm": "sha256-T/+qPF0RWC8dfbLNFgoTfla+JM2H3eY5L17aqODwzFc=",
      "Microsoft.Extensions.Logging.Abstractions.wasm": "sha256-N5G99yTaNOhrBTrhtmaDGLve6h7hFjs9wj5ywhIdhK8=",
      "Microsoft.Extensions.Logging.wasm": "sha256-+zlC5FsLDLzbGUZ9zq6ePJP6TFU1JrAUqv2HTdG30O0=",
      "Microsoft.Extensions.Options.wasm": "sha256-ezKJDNjeghS/qMdQmUpBPdH7bCDLrqkNqS6RsLxlpOY=",
      "Microsoft.Extensions.Primitives.wasm": "sha256-Ms2HR5Gpug/0uRAzdk4SUNT76Ml3CjFv9Jo+dUIMGac=",
      "Microsoft.JSInterop.wasm": "sha256-r9dkR5134QvSR5zRWncgwA3QgGc2mbiRwhPteP2xbpk=",
      "Microsoft.JSInterop.WebAssembly.wasm": "sha256-2bohIT7/qEC9nPtjBrESwyddQ86eqIfABSFaK7lb55A=",
      "Microsoft.Win32.Primitives.wasm": "sha256-6mfRdXW1hO5sq8Z1yP83y8rrOO8UngqPGKHemzSzgks=",
      "Microsoft.Win32.Registry.wasm": "sha256-0wl+tJJKHfZwSc3Bk3gEQzR6L28zBX7XPVUpwdP/PyY=",
      "MongoDB.Bson.wasm": "sha256-hkHeJs80bfEz+jgoF9Rq4mr5+IOub997e3D2ieaxNaQ=",
      "MongoDB.Driver.Core.wasm": "sha256-ERbId2tRIxDN2vMtqhs4HKl/yjLN6SYyJ2U9rSYtvAE=",
      "MongoDB.Driver.wasm": "sha256-gPEHONZOTrXcCSsMHwl/bng5RzI16ktWgXPmELjVJMA=",
      "MongoDB.Libmongocrypt.wasm": "sha256-arFLaYQPFbCOTSY46st4eTCDnWYb+Lwo+W84ZZTWLAQ=",
      "netstandard.wasm": "sha256-fI0NzK+HleHCxTTvgsjBrcLGz6zCeQ7lNK0kZmV1ZOM=",
      "SharpCompress.wasm": "sha256-5T7C9zsTB8Pr6/ydLJ4ILwSeTbvSzCeyxVoEXO0Rl5Q=",
      "Snappier.wasm": "sha256-Gm94GtJQLL4cxpQaCqIJxc0dCxpC/lvYPK/tNy0pRVk=",
      "System.Collections.Concurrent.wasm": "sha256-t9a5+BkzJ7wVW1RfZnZUyYEQ6YvkDLW9UZkHusVAINU=",
      "System.Collections.NonGeneric.wasm": "sha256-o+Ci9yFAtvqNBwZCsbpJNKFk1EQbLBPFaki4VBcycaU=",
      "System.Collections.Specialized.wasm": "sha256-YEgQHVYiaBPsCy7MHTSfeX/shV7doqKf/v3OAC8dJ98=",
      "System.Collections.wasm": "sha256-O5PYd8cYpJtcig7G7xZ0zTBPv+3O0nPMRXrjPbSrg10=",
      "System.ComponentModel.Primitives.wasm": "sha256-kIz8HyquLPAPPif9STFvVTma4NdaV0MVA3e72j9tMiA=",
      "System.ComponentModel.TypeConverter.wasm": "sha256-zMs6n49aTMVPUBZkP69zwleg2ipgzb2n0gLIYh9z0U4=",
      "System.ComponentModel.wasm": "sha256-GPAg/lqvtlGqfal3j6EPgQ+6mqlusQ30qCeS8LYv8ws=",
      "System.Console.wasm": "sha256-W19a789eiBPu/e9PIz9UyJ+i0HwVfcM2dTd7PeWzRvk=",
      "System.Diagnostics.Debug.wasm": "sha256-idrMqvpYY4cB6vQQBLC2U9kI7MttW1gSHW/pu4awO70=",
      "System.Diagnostics.DiagnosticSource.wasm": "sha256-QO3o0/xf668ff/F5Y6JmoEB66bnsH4utnoY78B18qQk=",
      "System.Diagnostics.Process.wasm": "sha256-7bxQma+Plr77gMIM5z11v3hZFFm9jrrncdYLbnQZbng=",
      "System.Diagnostics.TextWriterTraceListener.wasm": "sha256-YbPTVmnSehunBHUozDhxjmxKjVAguaLjwhVO8GOxXPI=",
      "System.Diagnostics.TraceSource.wasm": "sha256-mK39pTrZQYhILXoARp4BnEzDFLNci+luOegQvBR7q/Q=",
      "System.Formats.Asn1.wasm": "sha256-SP4mgihX5sHXsHh//ZzIhhA0ZSTRpOgsEcsWc8A3PL0=",
      "System.IO.Compression.wasm": "sha256-UtzKEG5Bp+LBFtGB3DPCTvT9b4uLrHBtdBTS490IQUw=",
      "System.IO.FileSystem.wasm": "sha256-wOskaDqB83uD3jyC7gI6Gwjrs5WPEqO6ERMNEAzPQp4=",
      "System.Linq.Expressions.wasm": "sha256-RgiwTPVicrZcFukYDh5j9bszweTI/CTRC9m8qi/wmqs=",
      "System.Linq.Queryable.wasm": "sha256-Af7RmSOmJDzJgZkb1U3zn5K0f1YzqWsLgzYVHkQQtzI=",
      "System.Linq.wasm": "sha256-ycq6IUAJ/lzx5d5IF/fXeqxO7EXm+EzNvvdH2u1dmeU=",
      "System.Memory.wasm": "sha256-ItZWf41TNyiiW5sFtgSq+2dzqoyvXo2sn0oQRfw7N5w=",
      "System.Net.Http.Json.wasm": "sha256-adou8Ove7rHed/jyinQAvVJ/KwUXVKhsru5awsR40DQ=",
      "System.Net.Http.wasm": "sha256-5wcKKQ6DiKXvRyMlL8sA+5E/vqB4H6Nl6quOCnwrZAk=",
      "System.Net.NameResolution.wasm": "sha256-51WxBfjiarqMCTlZBzn983iKErdDOn/SAsZQMO89Clc=",
      "System.Net.NetworkInformation.wasm": "sha256-8pgXovmROgHe0mZAU5XxSgm33sqFQI7XJFzvgliUKG4=",
      "System.Net.Primitives.wasm": "sha256-53J7wJHmRMQZLDeQsvcbz8bIvfmrA5W6FAJxl0dr4dY=",
      "System.Net.Requests.wasm": "sha256-w68P6wzhl+RCPWXAUjGkwlIybZ2ESygJklhRrbRWTJs=",
      "System.Net.Security.wasm": "sha256-JShoSBPe5E9ml9ISAK08N+JHX6srUviecv8W6VDKVBY=",
      "System.Net.Sockets.wasm": "sha256-Gq/bDfev4JQTYohR904c3d8RS0M2JsSnF3MpA72gCL0=",
      "System.Net.WebHeaderCollection.wasm": "sha256-PduYQRr67YI/goBILg78YS9BmLE2B7LYaU+moqGe25I=",
      "System.Net.WebProxy.wasm": "sha256-TDmjFWHH/5EzuBb29Pjiy4Ah6DDPXzNcrE6zkoM0vJs=",
      "System.ObjectModel.wasm": "sha256-zqK7RpRBcIojKB6MDNTtPgXAj0YrW59TcZLmY4+tlJ4=",
      "System.Private.CoreLib.wasm": "sha256-q1p1O7JJ4dgvZg/SYL2R4qhs1QexKeaUIWWzu3odN9k=",
      "System.Private.Uri.wasm": "sha256-yc/TOh3pOmPs0vgOmLi9ixJJ4BNlNaYmuz2S1fVssT0=",
      "System.Private.Xml.Linq.wasm": "sha256-1zMdvoBQXN7ku2soHiWOdmcuuI185TiPK7EDtkm5jpM=",
      "System.Private.Xml.wasm": "sha256-fCBZy52YR7ewUBOUmhnzCTRm9WjbJ3nTS0hBBXXrkAg=",
      "System.Runtime.CompilerServices.Unsafe.wasm": "sha256-UWq3UblyR/msdY+GqaKDK1aJIsH31Asn/dIAGnRah2k=",
      "System.Runtime.Extensions.wasm": "sha256-elTDoxsX3Oa5F8vM0F+M8p/7Jon/KJdcT8/YR3gwaZs=",
      "System.Runtime.InteropServices.JavaScript.wasm": "sha256-lxdsSKM2nYdr8hFsiNXUaaW/Q9Xf1oTdADKDJWz8MlA=",
      "System.Runtime.InteropServices.RuntimeInformation.wasm": "sha256-f96STTX8kUoLnSxvwgH9SyUManWZBxF9JszMeDhJgj4=",
      "System.Runtime.InteropServices.wasm": "sha256-fvk8/y9HdHHtEML6ChdkCO84ogCEBC6IlJHOmPHc8lE=",
      "System.Runtime.Intrinsics.wasm": "sha256-GLK4zcNh7CJs+c59YXDXsZpKfIktl60vLItdkys4AsA=",
      "System.Runtime.Numerics.wasm": "sha256-o64utIB9r/Gso81AjGppIyick8H0YNdp7akaqE3+014=",
      "System.Runtime.Serialization.Formatters.wasm": "sha256-pRLWG/H7CPox+S0C03+M+sFfDjkuD7+c7GuHBWFQO84=",
      "System.Runtime.Serialization.Primitives.wasm": "sha256-8ej++uMb2iHEAaZNIYpcQWAqTPhMgvez6J/2BLVtxT4=",
      "System.Runtime.wasm": "sha256-ULu+xwXBi7c1wlAQCZ6S5hZua3evBqpFLAfWtSiWQgM=",
      "System.Security.Cryptography.Algorithms.wasm": "sha256-OeBH4EMxdnl91ldPiYpHJMUrO96pMYBrzT5kSA1u1Bg=",
      "System.Security.Cryptography.Primitives.wasm": "sha256-RJXN2HwxhqCzXQfu1U/hBr8lsxXO34VZkMSRdlIXwW0=",
      "System.Security.Cryptography.wasm": "sha256-6H92gt/1pMD/cplMw+Pka+op04VQI1DBR0RP7Y0sCIs=",
      "System.Text.Encoding.CodePages.wasm": "sha256-YalHqw9OrIJCBfbVHt1rAiqr8z2VQGcqHCe52EarnuY=",
      "System.Text.Encoding.Extensions.wasm": "sha256-fwD4MZD1wsiSNU8kks4XNu49fktGDBh1N/YCVimZaEI=",
      "System.Text.Encodings.Web.wasm": "sha256-hvL1Sp38Sb9Pf0P2X3TSMaVAgkSIFhOOfYTuLaUbkvs=",
      "System.Text.Json.wasm": "sha256-gsqZ9lqyyBFsF0a/SMOth078cvY2THXdtYDT8F9YmoY=",
      "System.Text.RegularExpressions.wasm": "sha256-Go9zUApy8FlEKetBxQenAPnQ2zez3mgLtTKkWTjrnZE=",
      "System.Threading.Tasks.wasm": "sha256-n1l+MZv3zSkAN07aPW+dGaxCqtdLgTI71tf724w+0XE=",
      "System.Threading.Thread.wasm": "sha256-cRUZys27l93xqIf9i7bkLMZ58nNYEe6bm9om9jtGLcA=",
      "System.Threading.Timer.wasm": "sha256-8g/oM3FexVgs7mdWYMJKrGRQca+g4+sGn1LTiQ6NaLk=",
      "System.Threading.wasm": "sha256-wG8jDalJjxDLiq/b+p7DvosUAhNLqUVBI1VZqyo9MKo=",
      "System.wasm": "sha256-ka1SPMSVGn53xDzeBa40FQCsprKEF+n+wpvvd1HyMNE=",
      "System.Xml.Linq.wasm": "sha256-AXyLRR0HEka16YWxIlVNqQCVmRgsnSyvac7JhWKhOQA=",
      "System.Xml.ReaderWriter.wasm": "sha256-OnaUWMvAOG4CqtSSICh7GO6mqjkMJDgHrSI8hExQFc4=",
      "System.Xml.XDocument.wasm": "sha256-YEBOJ0ff+7uudq/L8pALPhdiTqDDreh0pltnwmzedDU=",
      "ZstdSharp.wasm": "sha256-3+Y/ApEQ29+SzMCstvnTXqC/kipBeRBGBlGOVT2Fgm8="
    }
  },
  "cacheBootResources": true,
  "debugLevel": 0,
  "linkerEnabled": true,
  "globalizationMode": "sharded",
  "extensions": {
    "blazor": {}
  }
}